flight_id,airline,flight_number,aircraft_type,tail_number,operation,scheduled_time,origin,destination,gate_assigned,concourse
F0338,Delta Air Lines,DL4508,narrow,N891E,DEP,00:55,ATL,BCN,D17,D
F0189,American Airlines,AA9256,narrow,N177D,ARR,01:34,SAN,ATL,A7,A
F0645,Delta Air Lines,DL1737,wide,N242B,ARR,01:37,IAH,ATL,D21,D
F0507,American Airlines,AA9771,narrow,N546J,ARR,01:38,SAT,ATL,A12,A
F0280,Delta Air Lines,DL8972,wide,N942H,DEP,01:39,ATL,JFK,B27,B
F0271,Delta Air Lines,DL2179,wide,N667C,ARR,01:49,BOS,ATL,D9,D
F0432,Delta Air Lines,DL7944,narrow,N926G,DEP,01:54,ATL,LHR,C19,C
F0760,Delta Air Lines,DL1557,narrow,N752E,DEP,02:27,ATL,MEX,F4,F
F0298,Delta Air Lines,DL1740,narrow,N824C,DEP,02:47,ATL,SNA,A8,A
F0599,Delta Air Lines,DL9647,narrow,N487B,ARR,02:49,MIA,ATL,T9,T
F0743,Delta Air Lines,DL2983,wide,N873H,ARR,02:58,PDX,ATL,D2,D
F0129,Southwest Airlines,WN3081,narrow,N258D,ARR,03:04,SJC,ATL,D5,D
F0043,Delta Air Lines,DL6584,wide,N597H,ARR,03:07,BCN,ATL,B19,B
F0632,United Airlines,UA8139,wide,N315G,DEP,03:08,ATL,BCN,C13,C
F0409,Delta Air Lines,DL6481,narrow,N358B,ARR,03:09,LHR,ATL,D18,D
F0264,Delta Air Lines,DL9412,wide,N338J,DEP,03:25,ATL,PHX,B18,B
F0283,JetBlue Airways,B61491,narrow,N919D,ARR,03:26,CDG,ATL,C17,C
F0187,Delta Air Lines,DL4277,narrow,N649B,ARR,03:32,MCI,ATL,A21,A
F0780,Delta Air Lines,DL1616,narrow,N674D,DEP,03:36,ATL,BCN,B6,B
F0474,Southwest Airlines,WN5627,wide,N786E,DEP,03:37,ATL,DCA,B20,B
F0200,Delta Air Lines,DL3244,narrow,N406B,DEP,03:46,ATL,BWI,C9,C
F0308,Delta Air Lines,DL3999,narrow,N329B,DEP,03:56,ATL,CDG,B11,B
F0519,Delta Air Lines,DL5419,narrow,N896C,ARR,04:01,MEX,ATL,E6,E
F0661,Frontier Airlines,F98361,narrow,N195D,ARR,04:05,AUS,ATL,T9,T
F0396,Delta Air Lines,DL3006,narrow,N370B,DEP,04:13,ATL,PHX,F2,F
F0257,Delta Air Lines,DL7926,narrow,N494G,ARR,04:15,CUN,ATL,T7,T
F0101,Delta Air Lines,DL2726,narrow,N373C,ARR,04:20,LAS,ATL,B29,B
F0053,JetBlue Airways,B68950,wide,N956A,ARR,04:35,LAS,ATL,B24,B
F0326,Delta Air Lines,DL302,wide,N954F,DEP,04:37,ATL,OAK,D20,D
F0478,Delta Air Lines,DL981,narrow,N354D,DEP,04:37,ATL,GRU,T7,T
F0285,Delta Air Lines,DL4555,narrow,N328A,ARR,04:49,BCN,ATL,A7,A
F0028,Delta Air Lines,DL9131,wide,N987B,DEP,04:50,ATL,SJC,A7,A
F0776,American Airlines,AA1645,narrow,N194G,DEP,05:01,ATL,GRU,E1,E
F0243,Delta Air Lines,DL7468,narrow,N419G,ARR,05:02,MCI,ATL,A28,A
F0100,Delta Air Lines,DL7973,narrow,N270G,DEP,05:04,ATL,YYZ,E18,E
F0179,Delta Air Lines,DL4155,narrow,N869D,ARR,05:19,EWR,ATL,C5,C
F0640,Delta Air Lines,DL412,narrow,N195D,DEP,05:24,ATL,PHL,C20,C
F0058,Delta Air Lines,DL8950,narrow,N195D,DEP,05:29,ATL,NRT,A6,A
F0202,Delta Air Lines,DL1631,wide,N581A,DEP,05:37,ATL,AUS,B13,B
F0363,Delta Air Lines,DL8671,wide,N286A,ARR,05:38,RDU,ATL,F6,F
F0227,Delta Air Lines,DL8009,narrow,N873D,ARR,05:39,BOS,ATL,A14,A
F0757,Delta Air Lines,DL1447,narrow,N620B,ARR,05:43,YYZ,ATL,A8,A
F0125,United Airlines,UA2952,narrow,N457B,ARR,05:45,BOS,ATL,E17,E
F0540,American Airlines,AA3414,wide,N782B,DEP,05:46,ATL,YYZ,E10,E
F0579,Frontier Airlines,F91709,wide,N813E,ARR,05:46,MIA,ATL,E17,E
F0420,Delta Air Lines,DL9138,wide,N411E,DEP,05:50,ATL,SFO,A21,A
F0384,Delta Air Lines,DL7593,narrow,N390J,DEP,05:54,ATL,PDX,D17,D
F0630,Delta Air Lines,DL9460,narrow,N588A,DEP,05:54,ATL,LAX,D25,D
F0476,Alaska Airlines,AS6050,narrow,N605B,DEP,05:55,ATL,RDU,D17,D
F0183,Delta Air Lines,DL2447,narrow,N692A,ARR,05:56,RDU,ATL,F9,F
F0648,United Airlines,UA8290,wide,N195D,DEP,05:58,ATL,SAN,C3,C
F0268,Southwest Airlines,WN1183,wide,N995G,DEP,06:00,ATL,PHL,B14,B
F0078,Delta Air Lines,DL1280,narrow,N698H,DEP,06:02,ATL,CLE,B24,B
F0410,Delta Air Lines,DL5960,narrow,N195D,DEP,06:02,ATL,GRU,F2,F
F0157,Delta Air Lines,DL4550,wide,N823D,ARR,06:03,MSY,ATL,A20,A
F0154,United Airlines,UA8111,wide,N835G,DEP,06:07,ATL,CUN,B12,B
F0456,Delta Air Lines,DL7617,narrow,N259E,DEP,06:07,ATL,AUS,D19,D
F0610,Delta Air Lines,DL9503,narrow,N565F,DEP,06:08,ATL,MDW,D14,D
F0192,United Airlines,UA7792,narrow,N250A,DEP,06:09,ATL,BNA,D11,D
F0452,Delta Air Lines,DL9702,wide,N912C,DEP,06:09,ATL,YYZ,A1,A
F0676,Delta Air Lines,DL4359,narrow,N736B,DEP,06:09,ATL,BCN,A12,A
F0174,Delta Air Lines,DL456,narrow,N718E,DEP,06:10,ATL,MBJ,B27,B
F0239,Delta Air Lines,DL6909,narrow,N814G,ARR,06:10,CLT,ATL,D15,D
F0556,Delta Air Lines,DL9365,narrow,N251G,DEP,06:11,ATL,LAS,E5,E
F0118,Delta Air Lines,DL1329,narrow,N877C,DEP,06:12,ATL,SJC,D13,D
F0652,Delta Air Lines,DL809,narrow,N139B,DEP,06:12,ATL,PHX,A2,A
F0627,Alaska Airlines,AS1312,narrow,N600A,ARR,06:13,IAH,ATL,B2,B
F0779,Spirit Airlines,NK9425,narrow,N873H,ARR,06:13,LHR,ATL,A28,A
F0381,Delta Air Lines,DL4883,wide,N204E,ARR,06:14,SEA,ATL,C12,C
F0798,Delta Air Lines,DL8510,wide,N780G,DEP,06:14,ATL,PDX,C20,C
F0086,Delta Air Lines,DL7665,narrow,N869D,DEP,06:15,ATL,MDW,B2,B
F0102,Delta Air Lines,DL536,narrow,N406B,DEP,06:16,ATL,BNA,B13,B
F0421,Delta Air Lines,DL4412,narrow,N868B,ARR,06:16,CUN,ATL,D21,D
F0407,Delta Air Lines,DL2619,narrow,N489E,ARR,06:17,ORD,ATL,T12,T
F0497,Delta Air Lines,DL9868,narrow,N942H,ARR,06:17,PHL,ATL,A25,A
F0715,American Airlines,AA1823,wide,N167D,ARR,06:17,GRU,ATL,B17,B
F0158,Delta Air Lines,DL960,wide,N350D,DEP,06:18,ATL,AUS,A11,A
F0754,United Airlines,UA7020,narrow,N736B,DEP,06:18,ATL,MEX,E4,E
F0249,Delta Air Lines,DL4658,narrow,N324F,ARR,06:19,PDX,ATL,D12,D
F0577,Delta Air Lines,DL5053,narrow,N282E,ARR,06:19,BCN,ATL,A12,A
F0115,Delta Air Lines,DL3160,narrow,N873H,ARR,06:20,OAK,ATL,C16,C
F0467,Delta Air Lines,DL7484,wide,N779F,ARR,06:20,GRU,ATL,A5,A
F0124,American Airlines,AA5792,narrow,N872A,DEP,06:21,ATL,MDW,D18,D
F0355,Delta Air Lines,DL5213,narrow,N160C,ARR,06:21,MSY,ATL,A13,A
F0082,Alaska Airlines,AS5824,wide,N162G,DEP,06:23,ATL,LAS,B27,B
F0636,Southwest Airlines,WN5986,narrow,N878J,DEP,06:23,ATL,MBJ,C21,C
F0244,Southwest Airlines,WN5844,wide,N873D,DEP,06:24,ATL,CLE,E20,E
F0759,Delta Air Lines,DL6891,narrow,N340E,ARR,06:24,ANC,ATL,B13,B
F0468,Delta Air Lines,DL3312,narrow,N230A,DEP,06:25,ATL,AUS,A24,A
F0585,Delta Air Lines,DL931,wide,N867J,ARR,06:25,DFW,ATL,A16,A
F0073,Delta Air Lines,DL5205,wide,N847H,ARR,06:27,SAT,ATL,D25,D
F0216,Southwest Airlines,WN8223,narrow,N949E,DEP,06:28,ATL,SEA,C7,C
F0367,Spirit Airlines,NK1998,narrow,N381H,ARR,06:28,JFK,ATL,A25,A
F0104,American Airlines,AA2373,narrow,N716A,DEP,06:29,ATL,DAL,D16,D
F0138,Delta Air Lines,DL2716,wide,N825G,DEP,06:29,ATL,TPA,E19,E
F0210,United Airlines,UA1304,narrow,N506D,DEP,06:29,ATL,YYZ,A5,A
F0495,Southwest Airlines,WN4995,narrow,N195D,ARR,06:29,NRT,ATL,A29,A
F0722,Delta Air Lines,DL4387,narrow,N782B,DEP,06:29,ATL,SNA,C26,C
F0752,Delta Air Lines,DL1578,narrow,N342C,DEP,06:30,ATL,MSP,F4,F
F0684,Southwest Airlines,WN3297,heavy,N411E,DEP,06:31,ATL,BWI,C8,C
F0781,Delta Air Lines,DL2769,narrow,N462J,ARR,06:31,LHR,ATL,B13,B
F0796,Delta Air Lines,DL3398,narrow,N653B,DEP,06:31,ATL,DFW,B27,B
F0121,Delta Air Lines,DL6621,narrow,N330D,ARR,06:32,BOS,ATL,B9,B
F0252,American Airlines,AA893,narrow,N919C,DEP,06:33,ATL,LAX,T11,T
F0357,Delta Air Lines,DL3187,narrow,N803D,ARR,06:33,LAX,ATL,A26,A
F0453,Delta Air Lines,DL9260,narrow,N350D,ARR,06:34,BWI,ATL,E12,E
F0505,Delta Air Lines,DL5376,wide,N317H,ARR,06:34,DEN,ATL,A17,A
F0557,Delta Air Lines,DL5171,narrow,N824C,ARR,06:34,CDG,ATL,D15,D
F0362,Delta Air Lines,DL2028,narrow,N945E,DEP,06:36,ATL,PDX,B26,B
F0477,Spirit Airlines,NK3944,wide,N891E,ARR,06:36,MBJ,ATL,D24,D
F0561,Delta Air Lines,DL2481,wide,N600A,ARR,06:36,SAN,ATL,E19,E
F0263,Delta Air Lines,DL6422,wide,N256C,ARR,06:37,SAT,ATL,A16,A
F0596,Frontier Airlines,F96308,wide,N868B,DEP,06:38,ATL,DFW,B21,B
F0766,Delta Air Lines,DL9884,wide,N385B,DEP,06:38,ATL,DFW,A4,A
F0458,Delta Air Lines,DL4806,heavy,N459J,DEP,06:39,ATL,MCO,A22,A
F0235,Southwest Airlines,WN1488,narrow,N308E,ARR,06:40,PHL,ATL,D11,D
F0625,Southwest Airlines,WN9374,narrow,N165G,ARR,06:40,MEX,ATL,E6,E
F0643,Delta Air Lines,DL9536,narrow,N641E,ARR,06:40,GRU,ATL,C11,C
F0374,Delta Air Lines,DL2535,wide,N803D,DEP,06:42,ATL,DFW,E18,E
F0414,Spirit Airlines,NK5733,wide,N335D,DEP,06:42,ATL,SJC,A29,A
F0790,American Airlines,AA7471,narrow,N915A,DEP,06:42,ATL,PHX,D9,D
F0273,Delta Air Lines,DL8285,narrow,N651E,ARR,06:43,CLT,ATL,E6,E
F0350,Delta Air Lines,DL3381,narrow,N945E,DEP,06:43,ATL,LAS,B19,B
F0672,Delta Air Lines,DL2799,narrow,N434G,DEP,06:44,ATL,PDX,B23,B
F0800,Southwest Airlines,WN5781,narrow,N508F,DEP,06:44,ATL,CLT,B14,B
F0032,Delta Air Lines,DL7849,narrow,N690D,DEP,06:45,ATL,IAH,D26,D
F0103,Delta Air Lines,DL561,wide,N385B,ARR,06:45,LHR,ATL,B4,B
F0353,Delta Air Lines,DL6709,narrow,N971C,ARR,06:46,JFK,ATL,B16,B
F0747,Delta Air Lines,DL6488,narrow,N214B,ARR,06:46,MSP,ATL,E8,E
F0120,Delta Air Lines,DL7471,narrow,N793C,DEP,06:48,ATL,GRU,F6,F
F0214,Delta Air Lines,DL8637,narrow,N218G,DEP,06:49,ATL,MIA,A13,A
F0488,Delta Air Lines,DL7518,narrow,N847H,DEP,06:49,ATL,EWR,B20,B
F0710,Delta Air Lines,DL6104,narrow,N175J,DEP,06:49,ATL,GRU,D6,D
F0044,Alaska Airlines,AS3870,narrow,N230J,DEP,06:50,ATL,CDG,C12,C
F0400,Delta Air Lines,DL8376,narrow,N562B,DEP,06:50,ATL,DCA,A18,A
F0709,United Airlines,UA3238,heavy,N329B,ARR,06:54,SNA,ATL,F3,F
F0181,United Airlines,UA897,narrow,N710H,ARR,06:55,MCI,ATL,A2,A
F0026,Delta Air Lines,DL2694,wide,N458E,DEP,06:56,ATL,RDU,B1,B
F0070,Frontier Airlines,F99221,wide,N581A,DEP,06:56,ATL,BWI,T11,T
F0756,Southwest Airlines,WN7364,narrow,N698H,DEP,06:56,ATL,DCA,D5,D
F0065,Delta Air Lines,DL6632,narrow,N891E,ARR,06:58,CLE,ATL,B4,B
F0085,Delta Air Lines,DL2573,narrow,N564F,ARR,06:58,CDG,ATL,B16,B
F0695,Delta Air Lines,DL9525,narrow,N318J,ARR,06:58,MSY,ATL,T5,T
F0394,Delta Air Lines,DL6925,narrow,N993G,DEP,06:59,ATL,HNL,F11,F
F0592,Delta Air Lines,DL7652,narrow,N218E,DEP,06:59,ATL,DAL,B14,B
F0139,Delta Air Lines,DL7748,narrow,N353D,ARR,07:00,LAX,ATL,C10,C
F0319,Delta Air Lines,DL7403,narrow,N445G,ARR,07:00,LGA,ATL,T8,T
F0741,Delta Air Lines,DL6749,narrow,N735C,ARR,07:00,LAX,ATL,A5,A
F0665,Delta Air Lines,DL6405,narrow,N606G,ARR,07:02,ORD,ATL,E11,E
F0391,Delta Air Lines,DL6340,narrow,N796B,ARR,07:03,EWR,ATL,A22,A
F0746,Delta Air Lines,DL4225,narrow,N683D,DEP,07:03,ATL,SAT,C3,C
F0479,Southwest Airlines,WN2644,narrow,N296G,ARR,07:04,SAN,ATL,A29,A
F0613,Delta Air Lines,DL4703,narrow,N973G,ARR,07:04,MBJ,ATL,B9,B
F0300,Southwest Airlines,WN562,wide,N218G,DEP,07:10,ATL,ANC,D12,D
F0763,Delta Air Lines,DL8196,narrow,N214F,ARR,07:10,SAT,ATL,B14,B
F0768,Delta Air Lines,DL2266,narrow,N925J,DEP,07:11,ATL,MSY,F9,F
F0301,Delta Air Lines,DL5163,narrow,N692A,ARR,07:12,DFW,ATL,A2,A
F0446,Delta Air Lines,DL3864,narrow,N309F,DEP,07:12,ATL,SEA,B23,B
F0451,Delta Air Lines,DL690,narrow,N949E,ARR,07:12,CLT,ATL,B21,B
F0581,Delta Air Lines,DL1789,heavy,N371J,ARR,07:12,SAN,ATL,C22,C
F0062,Delta Air Lines,DL1304,wide,N179E,DEP,07:13,ATL,LAS,E11,E
F0191,Delta Air Lines,DL4737,wide,N924F,ARR,07:14,RSW,ATL,B18,B
F0315,Delta Air Lines,DL8949,narrow,N214E,ARR,07:14,PHL,ATL,A10,A
F0535,Delta Air Lines,DL3154,wide,N453F,ARR,07:14,YYZ,ATL,A15,A
F0575,Delta Air Lines,DL2819,narrow,N814G,ARR,07:14,SAT,ATL,C13,C
F0459,Delta Air Lines,DL5892,narrow,N692A,ARR,07:15,PHX,ATL,A19,A
F0523,Delta Air Lines,DL7400,narrow,N423E,ARR,07:15,SFO,ATL,D19,D
F0612,Spirit Airlines,NK547,narrow,N984A,DEP,07:15,ATL,SJC,B3,B
F0117,Southwest Airlines,WN7081,narrow,N165G,ARR,07:17,MCI,ATL,A15,A
F0323,Southwest Airlines,WN2515,narrow,N605B,ARR,07:17,PHX,ATL,A25,A
F0144,Delta Air Lines,DL9970,narrow,N891E,DEP,07:19,ATL,ORD,C17,C
F0153,Delta Air Lines,DL8032,narrow,N366G,ARR,07:19,HNL,ATL,A8,A
F0696,Delta Air Lines,DL966,wide,N793C,DEP,07:19,ATL,RSW,B14,B
F0269,Delta Air Lines,DL7528,narrow,N581A,ARR,07:21,NRT,ATL,C2,C
F0720,Delta Air Lines,DL538,wide,N381H,DEP,07:21,ATL,GRU,F7,F
F0059,Delta Air Lines,DL3998,narrow,N459J,ARR,07:22,LGA,ATL,C1,C
F0049,Delta Air Lines,DL1579,narrow,N324C,ARR,07:23,SNA,ATL,D1,D
F0160,Delta Air Lines,DL9506,wide,N696J,DEP,07:23,ATL,ORD,A24,A
F0231,Delta Air Lines,DL3153,narrow,N350D,ARR,07:23,LAX,ATL,D14,D
F0435,Delta Air Lines,DL7459,narrow,N545C,ARR,07:23,CLT,ATL,C16,C
F0472,American Airlines,AA3359,wide,N175J,DEP,07:24,ATL,SNA,C21,C
F0578,Delta Air Lines,DL2624,wide,N666A,DEP,07:24,ATL,OAK,A16,A
F0635,Delta Air Lines,DL4850,wide,N317H,ARR,07:24,ORD,ATL,D6,D
F0707,Southwest Airlines,WN3377,narrow,N612C,ARR,07:24,SFO,ATL,A12,A
F0375,Delta Air Lines,DL8223,heavy,N107B,ARR,07:28,PDX,ATL,E3,E
F0403,American Airlines,AA5358,narrow,N766E,ARR,07:29,IAH,ATL,B26,B
F0166,Delta Air Lines,DL211,narrow,N777H,DEP,07:31,ATL,GRU,A8,A
F0230,Delta Air Lines,DL9142,narrow,N653B,DEP,07:32,ATL,STL,A18,A
F0097,United Airlines,UA7270,wide,N921D,ARR,07:33,CUN,ATL,T6,T
F0237,Southwest Airlines,WN2938,narrow,N792J,ARR,07:33,MIA,ATL,C16,C
F0370,Delta Air Lines,DL9778,wide,N945E,DEP,07:33,ATL,MCI,C19,C
F0574,Delta Air Lines,DL5893,narrow,N340E,DEP,07:33,ATL,LAX,T3,T
F0297,Delta Air Lines,DL527,narrow,N343E,ARR,07:34,BCN,ATL,B8,B
F0750,Delta Air Lines,DL995,wide,N162F,DEP,07:35,ATL,PHL,D26,D
F0528,Southwest Airlines,WN7345,narrow,N545C,DEP,07:36,ATL,DTW,C15,C
F0570,Delta Air Lines,DL5019,heavy,N344E,DEP,07:36,ATL,JFK,C11,C
F0517,Delta Air Lines,DL9214,narrow,N897G,ARR,07:37,SEA,ATL,C19,C
F0679,Delta Air Lines,DL3122,narrow,N619B,ARR,07:37,NRT,ATL,A23,A
F0334,Delta Air Lines,DL2946,narrow,N847H,DEP,07:38,ATL,DFW,A27,A
F0371,Delta Air Lines,DL572,narrow,N460E,ARR,07:39,PDX,ATL,E5,E
F0418,Delta Air Lines,DL2596,narrow,N199G,DEP,07:39,ATL,CLE,C12,C
F0014,Delta Air Lines,DL1430,wide,N373C,DEP,07:40,ATL,DEN,A6,A
F0031,Delta Air Lines,DL6280,narrow,N467F,ARR,07:40,MEX,ATL,C11,C
F0631,Southwest Airlines,WN114,narrow,N837E,ARR,07:40,BWI,ATL,F11,F
F0312,Delta Air Lines,DL428,narrow,N612C,DEP,07:41,ATL,MCO,B4,B
F0382,United Airlines,UA6804,narrow,N353D,DEP,07:41,ATL,EWR,A20,A
F0571,Delta Air Lines,DL9421,narrow,N891E,ARR,07:41,EWR,ATL,C1,C
F0137,Delta Air Lines,DL7742,narrow,N251G,ARR,07:42,LAS,ATL,A15,A
F0417,Delta Air Lines,DL3942,narrow,N565F,ARR,07:44,EWR,ATL,A20,A
F0195,Southwest Airlines,WN8137,narrow,N904F,ARR,07:45,CLT,ATL,C24,C
F0051,Southwest Airlines,WN3726,narrow,N881F,ARR,07:47,MEX,ATL,D21,D
F0791,Southwest Airlines,WN4348,narrow,N509J,ARR,07:47,SNA,ATL,E4,E
F0729,Delta Air Lines,DL5095,narrow,N837E,ARR,07:48,SNA,ATL,A6,A
F0595,Southwest Airlines,WN9866,narrow,N920H,ARR,07:49,MCI,ATL,C18,C
F0671,Delta Air Lines,DL6131,narrow,N463D,ARR,07:49,STL,ATL,E3,E
F0489,Delta Air Lines,DL462,narrow,N887F,ARR,07:50,BWI,ATL,A4,A
F0550,Delta Air Lines,DL9237,wide,N145A,DEP,07:50,ATL,DFW,B25,B
F0794,Delta Air Lines,DL4061,narrow,N798J,DEP,07:50,ATL,EWR,B21,B
F0099,Delta Air Lines,DL4716,narrow,N520H,ARR,07:51,RDU,ATL,D17,D
F0276,Delta Air Lines,DL1376,narrow,N107B,DEP,07:51,ATL,GRU,C4,C
F0351,Delta Air Lines,DL5549,narrow,N723D,ARR,07:51,CDG,ATL,D6,D
F0499,Delta Air Lines,DL3912,wide,N370B,ARR,07:51,GRU,ATL,B18,B
F0629,Delta Air Lines,DL8957,wide,N564F,ARR,07:51,LHR,ATL,D7,D
F0762,Frontier Airlines,F97533,narrow,N559C,DEP,07:51,ATL,DTW,E16,E
F0772,Southwest Airlines,WN7308,narrow,N919B,DEP,07:51,ATL,DTW,T3,T
F0030,Southwest Airlines,WN8122,narrow,N470H,DEP,07:52,ATL,AUS,E15,E
F0687,Delta Air Lines,DL5856,wide,N522A,ARR,07:52,SFO,ATL,B15,B
F0294,Delta Air Lines,DL8273,narrow,N494G,DEP,07:54,ATL,DFW,B18,B
F0331,Delta Air Lines,DL8154,narrow,N271B,ARR,07:54,MIA,ATL,E4,E
F0354,JetBlue Airways,B68800,narrow,N565F,DEP,07:54,ATL,CDG,A22,A
F0501,American Airlines,AA8129,narrow,N390J,ARR,07:54,RSW,ATL,A6,A
F0568,Delta Air Lines,DL125,wide,N960E,DEP,07:54,ATL,BOS,A15,A
F0491,Delta Air Lines,DL5510,narrow,N878J,ARR,07:55,DFW,ATL,A25,A
F0079,Delta Air Lines,DL7133,wide,N884J,ARR,07:56,RDU,ATL,C23,C
F0106,Delta Air Lines,DL4006,wide,N920H,DEP,07:56,ATL,STL,B26,B
F0563,Delta Air Lines,DL9585,narrow,N942H,ARR,07:56,BCN,ATL,B2,B
F0081,Delta Air Lines,DL5183,narrow,N884C,ARR,07:57,BCN,ATL,D8,D
F0437,Delta Air Lines,DL3865,narrow,N536J,ARR,07:57,LAX,ATL,B5,B
F0524,Delta Air Lines,DL9462,narrow,N995G,DEP,07:59,ATL,LGA,D18,D
F0422,Delta Air Lines,DL6737,narrow,N385B,DEP,08:00,ATL,HNL,D7,D
F0492,Delta Air Lines,DL6351,heavy,N199G,DEP,08:00,ATL,YYZ,E4,E
F0291,Southwest Airlines,WN1476,narrow,N873A,ARR,08:01,LAX,ATL,C9,C
F0107,Delta Air Lines,DL369,narrow,N744D,ARR,08:02,YYZ,ATL,D19,D
F0220,American Airlines,AA9112,narrow,N435D,DEP,08:02,ATL,YYZ,T12,T
F0682,Delta Air Lines,DL2509,narrow,N204B,DEP,08:04,ATL,MEX,E15,E
F0045,JetBlue Airways,B62340,wide,N256C,ARR,08:05,ORD,ATL,D21,D
F0056,Southwest Airlines,WN449,narrow,N987B,DEP,08:07,ATL,MIA,T6,T
F0133,Delta Air Lines,DL844,narrow,N360A,ARR,08:07,LHR,ATL,F10,F
F0767,Delta Air Lines,DL9901,narrow,N498F,ARR,08:07,JFK,ATL,D26,D
F0777,Delta Air Lines,DL9772,narrow,N491A,ARR,08:07,LAS,ATL,F2,F
F0604,Southwest Airlines,WN6913,narrow,N915A,DEP,08:08,ATL,DAL,E20,E
F0698,American Airlines,AA5032,wide,N736B,DEP,08:09,ATL,BNA,B23,B
F0077,Delta Air Lines,DL2065,narrow,N597A,ARR,08:10,PHX,ATL,T12,T
F0177,Delta Air Lines,DL8935,narrow,N107B,ARR,08:10,BOS,ATL,A28,A
F0254,Delta Air Lines,DL6005,wide,N340E,DEP,08:10,ATL,LHR,A12,A
F0441,Delta Air Lines,DL2293,narrow,N899A,ARR,08:10,SFO,ATL,A25,A
F0583,Delta Air Lines,DL4583,wide,N641E,ARR,08:10,SJC,ATL,A20,A
F0267,Delta Air Lines,DL5177,narrow,N127G,ARR,08:11,SNA,ATL,A7,A
F0712,Delta Air Lines,DL6018,wide,N651E,DEP,08:11,ATL,ORD,D18,D
F0605,Delta Air Lines,DL6403,narrow,N101J,ARR,08:13,SAT,ATL,B6,B
F0083,Delta Air Lines,DL2942,heavy,N208G,ARR,08:14,LHR,ATL,C25,C
F0108,Delta Air Lines,DL3168,narrow,N576H,DEP,08:14,ATL,BNA,D3,D
F0688,Delta Air Lines,DL2783,wide,N783J,DEP,08:14,ATL,RDU,E14,E
F0036,Delta Air Lines,DL688,wide,N915A,DEP,08:15,ATL,GRU,C8,C
F0128,Southwest Airlines,WN1315,narrow,N165G,DEP,08:15,ATL,RSW,B22,B
F0194,Delta Air Lines,DL4126,wide,N677D,DEP,08:15,ATL,MCO,C21,C
F0352,Delta Air Lines,DL2695,heavy,N336G,DEP,08:16,ATL,SFO,C25,C
F0618,Delta Air Lines,DL4402,narrow,N259E,DEP,08:16,ATL,JFK,A28,A
F0623,Delta Air Lines,DL4227,wide,N783J,ARR,08:16,SFO,ATL,A1,A
F0660,Southwest Airlines,WN2540,narrow,N418B,DEP,08:16,ATL,ORD,E1,E
F0305,Delta Air Lines,DL5298,wide,N370B,ARR,08:18,DAL,ATL,A18,A
F0255,Delta Air Lines,DL3936,wide,N782G,ARR,08:19,SEA,ATL,B3,B
F0289,Delta Air Lines,DL6725,heavy,N470D,ARR,08:19,HNL,ATL,E18,E
F0046,Delta Air Lines,DL4935,narrow,N548J,DEP,08:20,ATL,EWR,B14,B
F0123,Delta Air Lines,DL3379,narrow,N620B,ARR,08:20,MCI,ATL,A28,A
F0299,Delta Air Lines,DL9532,narrow,N371C,ARR,08:20,PHX,ATL,E13,E
F0655,Delta Air Lines,DL7816,narrow,N710B,ARR,08:21,LAS,ATL,C2,C
F0198,Delta Air Lines,DL8093,wide,N584B,DEP,08:22,ATL,RDU,T9,T
F0188,Delta Air Lines,DL6279,narrow,N677D,DEP,08:23,ATL,DEN,D20,D
F0511,Delta Air Lines,DL3031,narrow,N581A,ARR,08:23,MBJ,ATL,C18,C
F0541,Frontier Airlines,F92478,narrow,N261A,ARR,08:23,TPA,ATL,D19,D
F0565,Delta Air Lines,DL6879,narrow,N267H,ARR,08:23,DAL,ATL,C23,C
F0212,Delta Air Lines,DL9225,narrow,N324F,DEP,08:24,ATL,LAX,C14,C
F0483,Delta Air Lines,DL5144,narrow,N787E,ARR,08:24,SAN,ATL,B9,B
F0624,Southwest Airlines,WN2095,narrow,N824C,DEP,08:24,ATL,SAT,D4,D
F0068,Delta Air Lines,DL942,narrow,N548J,DEP,08:26,ATL,RSW,F10,F
F0156,Delta Air Lines,DL7347,narrow,N385H,DEP,08:26,ATL,MSP,D24,D
F0171,Delta Air Lines,DL8753,wide,N953A,ARR,08:28,BOS,ATL,D3,D
F0685,Delta Air Lines,DL1531,narrow,N379G,ARR,08:28,PDX,ATL,F7,F
F0145,Delta Air Lines,DL7587,narrow,N960E,ARR,08:29,MIA,ATL,A29,A
F0633,Delta Air Lines,DL154,heavy,N706A,ARR,08:29,AUS,ATL,B23,B
F0361,Delta Air Lines,DL5033,wide,N680F,ARR,08:30,OAK,ATL,B4,B
F0689,Delta Air Lines,DL2453,narrow,N214B,ARR,08:31,MCO,ATL,A16,A
F0060,Delta Air Lines,DL6031,narrow,N467F,DEP,08:32,ATL,SJC,C4,C
F0628,Delta Air Lines,DL1237,wide,N505H,DEP,08:32,ATL,DCA,C7,C
F0151,Spirit Airlines,NK1120,narrow,N880C,ARR,08:34,HNL,ATL,D17,D
F0132,Delta Air Lines,DL2626,wide,N489B,DEP,08:35,ATL,SAT,A20,A
F0431,Delta Air Lines,DL2561,wide,N862J,ARR,08:35,YYZ,ATL,A12,A
F0674,Delta Air Lines,DL1131,narrow,N505C,DEP,08:35,ATL,LHR,T4,T
F0337,Delta Air Lines,DL1580,narrow,N960H,ARR,08:36,CLT,ATL,B13,B
F0608,Delta Air Lines,DL7717,wide,N177D,DEP,08:36,ATL,SFO,C17,C
F0006,Delta Air Lines,DL4218,narrow,N470H,DEP,08:37,ATL,TPA,A24,A
F0054,Delta Air Lines,DL6170,narrow,N820E,DEP,08:37,ATL,BNA,A15,A
F0180,Frontier Airlines,F9356,narrow,N784G,DEP,08:37,ATL,SAT,A3,A
F0039,Delta Air Lines,DL1393,wide,N789B,ARR,08:39,GRU,ATL,C13,C
F0219,Delta Air Lines,DL4071,narrow,N214F,ARR,08:39,BNA,ATL,B9,B
F0705,Delta Air Lines,DL8034,narrow,N864G,ARR,08:42,SEA,ATL,D2,D
F0761,Southwest Airlines,WN7127,narrow,N995G,ARR,08:42,BNA,ATL,C5,C
F0602,Delta Air Lines,DL3183,narrow,N605B,DEP,08:44,ATL,LAS,C12,C
F0311,Delta Air Lines,DL6249,wide,N448E,ARR,08:45,LHR,ATL,A16,A
F0430,Delta Air Lines,DL8322,narrow,N956A,DEP,08:45,ATL,DTW,E15,E
F0002,Delta Air Lines,DL8088,narrow,N581A,DEP,08:46,ATL,MCO,A26,A
F0526,Delta Air Lines,DL4134,heavy,N488E,DEP,08:46,ATL,CLE,A9,A
F0569,Delta Air Lines,DL6883,wide,N181D,ARR,08:46,CDG,ATL,T6,T
F0404,Delta Air Lines,DL8526,narrow,N878J,DEP,08:48,ATL,ORD,E15,E
F0560,Southwest Airlines,WN9234,narrow,N869B,DEP,08:48,ATL,PHX,E7,E
F0392,Delta Air Lines,DL3442,narrow,N506D,DEP,08:49,ATL,MCI,D2,D
F0042,Delta Air Lines,DL1847,narrow,N902H,DEP,08:50,ATL,ANC,A19,A
F0113,Delta Air Lines,DL6624,narrow,N430D,ARR,08:50,LGA,ATL,F9,F
F0372,Delta Air Lines,DL8698,wide,N309F,DEP,08:52,ATL,ANC,D19,D
F0383,Delta Air Lines,DL3222,heavy,N730J,ARR,08:52,RDU,ATL,D4,D
F0510,Delta Air Lines,DL1758,narrow,N462G,DEP,08:52,ATL,EWR,D18,D
F0004,Southwest Airlines,WN8141,narrow,N926G,DEP,08:53,ATL,MDW,B1,B
F0221,Delta Air Lines,DL6803,wide,N370B,ARR,08:56,SAN,ATL,D5,D
F0607,United Airlines,UA6138,wide,N945E,ARR,08:56,SFO,ATL,A16,A
F0641,Delta Air Lines,DL918,narrow,N862J,ARR,08:56,DAL,ATL,E4,E
F0703,Frontier Airlines,F95704,narrow,N286A,ARR,08:56,MBJ,ATL,A10,A
F0348,Delta Air Lines,DL9693,narrow,N897G,DEP,08:57,ATL,AUS,B28,B
F0360,Delta Air Lines,DL2124,wide,N653B,DEP,08:57,ATL,LAS,C16,C
F0732,American Airlines,AA5663,narrow,N266F,DEP,08:57,ATL,CLE,A10,A
F0522,Delta Air Lines,DL9355,wide,N896C,DEP,08:58,ATL,DTW,A17,A
F0167,Delta Air Lines,DL9486,narrow,N664G,ARR,08:59,MEX,ATL,T11,T
F0527,Delta Air Lines,DL6876,narrow,N109H,ARR,08:59,TPA,ATL,B12,B
F0639,American Airlines,AA8670,narrow,N641E,ARR,09:01,LAS,ATL,C22,C
F0656,Delta Air Lines,DL3281,narrow,N566G,DEP,09:01,ATL,MCO,D9,D
F0788,Delta Air Lines,DL5923,heavy,N458E,DEP,09:01,ATL,SJC,A3,A
F0549,Southwest Airlines,WN730,narrow,N692A,ARR,09:03,ORD,ATL,C15,C
F0559,Delta Air Lines,DL9747,narrow,N767J,ARR,09:03,MCI,ATL,D15,D
F0537,Delta Air Lines,DL1115,narrow,N871G,ARR,09:05,HNL,ATL,D13,D
F0714,Delta Air Lines,DL1240,wide,N546J,DEP,09:07,ATL,BNA,E16,E
F0242,United Airlines,UA7331,narrow,N392G,DEP,09:17,ATL,MBJ,C14,C
F0538,Delta Air Lines,DL1538,wide,N696J,DEP,09:19,ATL,DAL,D17,D
F0600,Delta Air Lines,DL9275,narrow,N462J,DEP,09:19,ATL,MDW,E12,E
F0427,Delta Air Lines,DL7795,narrow,N553J,ARR,09:20,LHR,ATL,E2,E
F0740,Southwest Airlines,WN3435,narrow,N672F,DEP,09:20,ATL,LHR,E9,E
F0659,Delta Air Lines,DL9792,narrow,N335D,ARR,09:25,JFK,ATL,C15,C
F0247,Delta Air Lines,DL2178,narrow,N453F,ARR,09:28,LAS,ATL,D5,D
F0365,Delta Air Lines,DL2543,narrow,N902H,ARR,09:30,CUN,ATL,F9,F
F0076,Delta Air Lines,DL9919,narrow,N160C,DEP,09:40,ATL,MSP,T4,T
F0358,Delta Air Lines,DL2117,narrow,N766E,DEP,09:47,ATL,IAH,B21,B
F0279,Southwest Airlines,WN8183,wide,N529D,ARR,09:49,SNA,ATL,F4,F
F0626,Delta Air Lines,DL4628,wide,N612C,DEP,09:56,ATL,BCN,D23,D
F0270,Delta Air Lines,DL2784,narrow,N961J,DEP,10:11,ATL,OAK,C12,C
F0516,Delta Air Lines,DL5020,narrow,N390J,DEP,10:11,ATL,LAX,F4,F
F0515,Delta Air Lines,DL5998,narrow,N777H,ARR,10:22,JFK,ATL,F8,F
F0017,Delta Air Lines,DL1269,wide,N258D,ARR,10:30,MBJ,ATL,T5,T
F0737,Delta Air Lines,DL3156,wide,N869D,ARR,10:30,MBJ,ATL,C7,C
F0029,Delta Air Lines,DL6898,narrow,N771A,ARR,10:33,BWI,ATL,B26,B
F0742,Delta Air Lines,DL3409,narrow,N973G,DEP,10:33,ATL,LGA,A5,A
F0122,Delta Air Lines,DL4388,narrow,N565F,DEP,10:44,ATL,MSP,D23,D
F0770,Delta Air Lines,DL8279,heavy,N354D,DEP,10:46,ATL,BNA,E9,E
F0434,Delta Air Lines,DL6742,wide,N646D,DEP,10:49,ATL,LAX,C19,C
F0691,Delta Air Lines,DL6354,narrow,N107B,ARR,10:49,SAN,ATL,B16,B
F0347,Delta Air Lines,DL5599,narrow,N108J,ARR,10:51,DTW,ATL,D8,D
F0161,Delta Air Lines,DL695,narrow,N586B,ARR,10:53,PHX,ATL,F7,F
F0789,Delta Air Lines,DL3085,narrow,N112G,ARR,10:56,RDU,ATL,E2,E
F0399,Delta Air Lines,DL8137,narrow,N434G,ARR,11:00,DEN,ATL,D18,D
F0047,Delta Air Lines,DL8321,narrow,N862J,ARR,11:03,AUS,ATL,E6,E
F0330,Delta Air Lines,DL7885,narrow,N158A,DEP,11:08,ATL,MCO,E12,E
F0423,Southwest Airlines,WN2535,heavy,N755J,ARR,11:10,MSY,ATL,B8,B
F0193,Delta Air Lines,DL2490,wide,N209J,ARR,11:14,MSY,ATL,T9,T
F0112,United Airlines,UA7598,narrow,N162F,DEP,11:19,ATL,EWR,T4,T
F0529,JetBlue Airways,B61505,narrow,N246E,ARR,11:19,DAL,ATL,A2,A
F0342,Delta Air Lines,DL4629,narrow,N187H,DEP,11:20,ATL,LHR,D9,D
F0277,Delta Air Lines,DL852,narrow,N792J,ARR,11:24,MDW,ATL,F2,F
F0011,Delta Air Lines,DL9553,narrow,N195D,ARR,11:34,LAS,ATL,D2,D
F0509,United Airlines,UA1055,narrow,N782G,ARR,11:34,ORD,ATL,E9,E
F0155,American Airlines,AA8999,narrow,N786E,ARR,11:42,BCN,ATL,B13,B
F0253,Delta Air Lines,DL111,narrow,N553J,ARR,11:43,MEX,ATL,F7,F
F0711,Delta Air Lines,DL7048,narrow,N710B,ARR,11:49,BOS,ATL,A8,A
F0379,Southwest Airlines,WN7574,narrow,N891E,ARR,11:53,DTW,ATL,F6,F
F0084,Delta Air Lines,DL7454,wide,N443F,DEP,12:02,ATL,CDG,D19,D
F0748,Delta Air Lines,DL9758,narrow,N552D,DEP,12:03,ATL,MEX,T9,T
F0284,Delta Air Lines,DL3979,narrow,N261A,DEP,12:04,ATL,DCA,B28,B
F0302,Southwest Airlines,WN3400,wide,N691D,DEP,12:04,ATL,PHX,E11,E
F0143,Southwest Airlines,WN2046,narrow,N666A,ARR,12:16,BNA,ATL,A4,A
F0356,Delta Air Lines,DL8624,narrow,N453F,DEP,12:25,ATL,GRU,C11,C
F0589,Delta Air Lines,DL4327,narrow,N491A,ARR,12:25,MEX,ATL,E13,E
F0088,Delta Air Lines,DL7892,narrow,N353D,DEP,12:28,ATL,SEA,C2,C
F0163,Delta Air Lines,DL2298,narrow,N162G,ARR,12:28,EWR,ATL,E15,E
F0580,Delta Air Lines,DL167,wide,N775D,DEP,12:29,ATL,SAT,B2,B
F0389,Delta Air Lines,DL3013,wide,N379G,ARR,12:36,TPA,ATL,C23,C
F0241,Delta Air Lines,DL1954,heavy,N208G,ARR,12:58,SNA,ATL,C9,C
F0388,United Airlines,UA9169,narrow,N784G,DEP,13:16,ATL,DAL,D7,D
F0533,Southwest Airlines,WN236,narrow,N498A,ARR,13:19,NRT,ATL,T11,T
F0730,Delta Air Lines,DL4468,wide,N744D,DEP,13:35,ATL,LAX,T8,T
F0349,Delta Air Lines,DL1266,narrow,N887F,ARR,13:40,BOS,ATL,C7,C
F0303,Delta Air Lines,DL2520,heavy,N919D,ARR,13:45,BOS,ATL,C5,C
F0306,Delta Air Lines,DL4925,narrow,N766E,DEP,13:49,ATL,MEX,A24,A
F0555,Delta Air Lines,DL8682,narrow,N256F,ARR,13:49,DAL,ATL,D24,D
F0066,Delta Air Lines,DL1594,narrow,N981B,DEP,13:51,ATL,SEA,E3,E
F0176,Delta Air Lines,DL6987,narrow,N999C,DEP,13:57,ATL,MCI,B29,B
F0290,Delta Air Lines,DL1110,narrow,N238H,DEP,14:03,ATL,EWR,E8,E
F0250,Spirit Airlines,NK7611,narrow,N165F,DEP,14:05,ATL,DEN,D23,D
F0012,Frontier Airlines,F96918,wide,N373C,DEP,14:06,ATL,DTW,C26,C
F0265,Southwest Airlines,WN1206,narrow,N101J,ARR,14:06,DFW,ATL,T4,T
F0282,United Airlines,UA4684,narrow,N327D,DEP,14:06,ATL,RDU,A8,A
F0466,Delta Air Lines,DL3113,narrow,N752E,DEP,14:17,ATL,MEX,C7,C
F0765,Delta Air Lines,DL7606,narrow,N329B,ARR,14:21,TPA,ATL,A16,A
F0521,Delta Air Lines,DL3814,narrow,N620B,ARR,14:25,CDG,ATL,D20,D
F0010,Delta Air Lines,DL3120,narrow,N546J,DEP,14:29,ATL,BOS,F5,F
F0141,Delta Air Lines,DL233,narrow,N566G,ARR,14:31,LGA,ATL,E14,E
F0061,Spirit Airlines,NK8643,narrow,N872A,ARR,14:33,DFW,ATL,B21,B
F0314,Delta Air Lines,DL7213,narrow,N445G,DEP,14:37,ATL,MSP,A4,A
F0484,Delta Air Lines,DL7787,narrow,N545C,DEP,14:37,ATL,GRU,C23,C
F0739,Delta Air Lines,DL4038,heavy,N146D,ARR,14:44,SAN,ATL,A22,A
F0531,Delta Air Lines,DL4337,wide,N296G,ARR,14:45,LAS,ATL,C20,C
F0259,Southwest Airlines,WN2788,narrow,N165F,ARR,14:46,CDG,ATL,B24,B
F0009,Delta Air Lines,DL9166,wide,N919C,ARR,14:50,GRU,ATL,B5,B
F0328,Delta Air Lines,DL6832,narrow,N880C,DEP,14:53,ATL,ANC,A21,A
F0380,United Airlines,UA6052,narrow,N344E,DEP,14:53,ATL,GRU,D4,D
F0405,Delta Air Lines,DL8519,narrow,N653B,ARR,14:55,BCN,ATL,A4,A
F0664,Delta Air Lines,DL2371,narrow,N443F,DEP,14:56,ATL,BNA,E13,E
F0246,Delta Air Lines,DL8528,narrow,N691D,DEP,14:59,ATL,MIA,F11,F
F0147,Delta Air Lines,DL372,narrow,N460E,ARR,15:03,RDU,ATL,B22,B
F0262,Delta Air Lines,DL3466,narrow,N235H,DEP,15:04,ATL,MBJ,C17,C
F0134,Southwest Airlines,WN9038,narrow,N392G,DEP,15:05,ATL,PHL,B10,B
F0508,Delta Air Lines,DL7768,narrow,N820E,DEP,15:05,ATL,HNL,E2,E
F0686,Delta Air Lines,DL6613,narrow,N270G,DEP,15:05,ATL,BNA,A28,A
F0751,Southwest Airlines,WN6045,narrow,N789B,ARR,15:05,PHL,ATL,E4,E
F0064,Delta Air Lines,DL9133,narrow,N309F,DEP,15:06,ATL,MCI,D7,D
F0615,Delta Air Lines,DL1482,narrow,N919C,ARR,15:06,PDX,ATL,F10,F
F0196,Southwest Airlines,WN1062,wide,N494G,DEP,15:07,ATL,DFW,C3,C
F0215,Delta Air Lines,DL1136,narrow,N584B,ARR,15:15,SAN,ATL,A9,A
F0755,Delta Air Lines,DL9965,wide,N345A,ARR,15:15,TPA,ATL,D18,D
F0359,Delta Air Lines,DL896,wide,N283F,ARR,15:17,SEA,ATL,C2,C
F0799,Delta Air Lines,DL7014,narrow,N381H,ARR,15:21,BWI,ATL,C18,C
F0201,Delta Air Lines,DL7620,narrow,N942H,ARR,15:24,SAN,ATL,C23,C
F0248,Delta Air Lines,DL9560,narrow,N265H,DEP,15:24,ATL,IAH,D21,D
F0723,Delta Air Lines,DL6385,narrow,N430D,ARR,15:25,MCI,ATL,B28,B
F0018,American Airlines,AA6694,narrow,N462J,DEP,15:26,ATL,PDX,F9,F
F0287,Delta Air Lines,DL1581,narrow,N798J,ARR,15:26,YYZ,ATL,A22,A
F0412,Delta Air Lines,DL2460,wide,N390J,DEP,15:29,ATL,LHR,B29,B
F0258,Delta Air Lines,DL2281,narrow,N861H,DEP,15:32,ATL,DEN,D22,D
F0292,Delta Air Lines,DL5532,narrow,N677D,DEP,15:34,ATL,CLT,A15,A
F0438,Delta Air Lines,DL7896,narrow,N324F,DEP,15:34,ATL,SNA,E20,E
F0598,American Airlines,AA5287,wide,N736C,DEP,15:35,ATL,SAN,B26,B
F0256,American Airlines,AA7391,narrow,N565F,DEP,15:36,ATL,BOS,T12,T
F0027,Delta Air Lines,DL2622,narrow,N926G,ARR,15:38,SJC,ATL,C23,C
F0213,Southwest Airlines,WN9898,narrow,N926G,ARR,15:39,MDW,ATL,D13,D
F0520,Delta Air Lines,DL1385,narrow,N696J,DEP,15:39,ATL,RSW,D25,D
F0487,Frontier Airlines,F94554,narrow,N823D,ARR,15:40,BWI,ATL,B24,B
F0498,Southwest Airlines,WN1083,narrow,N605B,DEP,15:41,ATL,MEX,T11,T
F0744,Delta Air Lines,DL1141,narrow,N145A,DEP,15:41,ATL,NRT,E14,E
F0591,Frontier Airlines,F95811,narrow,N777H,ARR,15:44,SEA,ATL,C5,C
F0701,United Airlines,UA9129,narrow,N338J,ARR,15:44,RDU,ATL,D26,D
F0675,Southwest Airlines,WN5446,wide,N403D,ARR,15:46,OAK,ATL,C22,C
F0377,Delta Air Lines,DL8266,narrow,N912C,ARR,15:48,MBJ,ATL,B4,B
F0616,United Airlines,UA2840,narrow,N649B,DEP,15:48,ATL,DFW,A24,A
F0304,Delta Air Lines,DL9701,narrow,N165G,DEP,15:49,ATL,MIA,A10,A
F0532,Delta Air Lines,DL4285,narrow,N328A,DEP,15:49,ATL,MEX,A10,A
F0170,JetBlue Airways,B68906,heavy,N296G,DEP,15:50,ATL,PHL,E7,E
F0251,Delta Air Lines,DL3570,narrow,N505C,ARR,15:50,MCO,ATL,C11,C
F0165,Southwest Airlines,WN6743,narrow,N170B,ARR,15:51,SFO,ATL,E17,E
F0223,Delta Air Lines,DL5990,narrow,N599D,ARR,15:51,SAT,ATL,D26,D
F0769,Delta Air Lines,DL5657,narrow,N467F,ARR,15:52,TPA,ATL,E5,E
F0317,Delta Air Lines,DL521,narrow,N453F,ARR,15:53,SFO,ATL,A21,A
F0728,Delta Air Lines,DL5855,narrow,N286A,DEP,15:53,ATL,PHL,T4,T
F0460,Delta Air Lines,DL4448,narrow,N697G,DEP,15:54,ATL,DAL,A7,A
F0092,Southwest Airlines,WN2417,wide,N567C,DEP,15:56,ATL,MEX,E10,E
F0590,Delta Air Lines,DL595,narrow,N195D,DEP,15:56,ATL,AUS,T2,T
F0105,Delta Air Lines,DL3633,wide,N470D,ARR,15:57,SAT,ATL,E18,E
F0335,Delta Air Lines,DL3362,narrow,N453F,ARR,15:58,SJC,ATL,B27,B
F0369,Delta Air Lines,DL7935,narrow,N680F,ARR,15:58,MIA,ATL,E6,E
F0013,Delta Air Lines,DL4971,narrow,N548J,ARR,15:59,ANC,ATL,E14,E
F0587,Delta Air Lines,DL8840,heavy,N775D,ARR,15:59,STL,ATL,A25,A
F0307,Delta Air Lines,DL630,wide,N970B,ARR,16:00,DTW,ATL,A11,A
F0694,Delta Air Lines,DL9620,narrow,N406B,DEP,16:00,ATL,CDG,C14,C
F0126,Delta Air Lines,DL9476,wide,N891E,DEP,16:01,ATL,MIA,B26,B
F0136,Delta Air Lines,DL5758,heavy,N620B,DEP,16:01,ATL,BNA,F3,F
F0149,United Airlines,UA6329,narrow,N251G,ARR,16:01,ORD,ATL,A22,A
F0683,Delta Air Lines,DL9126,narrow,N556C,ARR,16:01,DAL,ATL,A1,A
F0217,Delta Air Lines,DL6324,narrow,N565F,ARR,16:02,MCO,ATL,E11,E
F0690,Southwest Airlines,WN4578,narrow,N371J,DEP,16:03,ATL,YYZ,B18,B
F0603,Delta Air Lines,DL290,narrow,N494G,ARR,16:04,CUN,ATL,T1,T
F0343,Delta Air Lines,DL8575,wide,N902H,ARR,16:07,DCA,ATL,D2,D
F0226,Delta Air Lines,DL6229,wide,N787E,DEP,16:08,ATL,MSY,B25,B
F0539,Delta Air Lines,DL2602,wide,N904F,ARR,16:09,MCO,ATL,B10,B
F0333,Delta Air Lines,DL8542,narrow,N566G,ARR,16:12,YYZ,ATL,D3,D
F0713,Delta Air Lines,DL4746,narrow,N798D,ARR,16:12,GRU,ATL,C24,C
F0704,Delta Air Lines,DL5136,narrow,N463D,DEP,16:13,ATL,CLE,A5,A
F0203,Delta Air Lines,DL1454,wide,N132F,ARR,16:14,MCO,ATL,C14,C
F0545,Delta Air Lines,DL7780,narrow,N214B,ARR,16:15,IAH,ATL,D12,D
F0724,Delta Air Lines,DL2789,narrow,N566G,DEP,16:15,ATL,YYZ,C5,C
F0114,Delta Air Lines,DL5538,narrow,N834F,DEP,16:17,ATL,CLE,B26,B
F0266,Frontier Airlines,F96906,narrow,N767J,DEP,16:17,ATL,CDG,B13,B
F0186,Delta Air Lines,DL7686,narrow,N308E,DEP,16:18,ATL,RDU,E18,E
F0016,Southwest Airlines,WN9763,narrow,N559C,DEP,16:20,ATL,BOS,D7,D
F0493,Spirit Airlines,NK649,heavy,N158A,ARR,16:23,SEA,ATL,A24,A
F0647,Delta Air Lines,DL3477,narrow,N214F,ARR,16:25,MCI,ATL,A9,A
F0588,Delta Air Lines,DL7564,wide,N107B,DEP,16:26,ATL,BCN,B21,B
F0281,Southwest Airlines,WN6264,narrow,N641E,ARR,16:27,MSP,ATL,E10,E
F0385,Delta Air Lines,DL9686,heavy,N308E,ARR,16:27,PHX,ATL,C17,C
F0733,Delta Air Lines,DL3607,narrow,N736C,ARR,16:28,ANC,ATL,B2,B
F0038,Delta Air Lines,DL5973,narrow,N256F,DEP,16:29,ATL,OAK,B5,B
F0621,Frontier Airlines,F94061,heavy,N792J,ARR,16:31,EWR,ATL,D19,D
F0293,Delta Air Lines,DL8228,narrow,N868E,ARR,16:32,PHX,ATL,T11,T
F0719,Delta Air Lines,DL1870,narrow,N181D,ARR,16:32,DTW,ATL,A16,A
F0040,Delta Air Lines,DL4283,narrow,N564F,DEP,16:33,ATL,MDW,D26,D
F0490,Delta Air Lines,DL8186,narrow,N445G,DEP,16:34,ATL,PDX,A14,A
F0651,Delta Air Lines,DL2717,narrow,N942H,ARR,16:34,LHR,ATL,D2,D
F0731,Delta Air Lines,DL5382,narrow,N824C,ARR,16:35,SEA,ATL,C26,C
F0033,Delta Air Lines,DL2168,narrow,N195D,ARR,16:36,SEA,ATL,C19,C
F0199,Delta Air Lines,DL8877,narrow,N868E,ARR,16:36,MEX,ATL,F1,F
F0572,Delta Air Lines,DL2324,narrow,N658A,DEP,16:36,ATL,SNA,C21,C
F0734,Delta Air Lines,DL1652,narrow,N466D,DEP,16:37,ATL,ANC,C9,C
F0135,Delta Air Lines,DL1295,narrow,N736C,ARR,16:39,RDU,ATL,D6,D
F0482,Delta Air Lines,DL8676,narrow,N488E,DEP,16:40,ATL,RSW,D18,D
F0567,Southwest Airlines,WN9318,wide,N160C,ARR,16:40,PDX,ATL,C24,C
F0638,Delta Air Lines,DL706,wide,N588A,DEP,16:41,ATL,ORD,B11,B
F0718,Delta Air Lines,DL5934,narrow,N851J,DEP,16:41,ATL,PDX,C20,C
F0015,American Airlines,AA9829,narrow,N294J,ARR,16:42,MDW,ATL,C2,C
F0055,Delta Air Lines,DL5976,narrow,N165G,ARR,16:42,BOS,ATL,T5,T
F0087,Southwest Airlines,WN8407,wide,N187H,ARR,16:42,MBJ,ATL,B19,B
F0793,Delta Air Lines,DL2149,narrow,N498A,ARR,16:42,LAX,ATL,A7,A
F0373,Delta Air Lines,DL8670,narrow,N517F,ARR,16:44,CLE,ATL,D20,D
F0530,Delta Air Lines,DL7473,narrow,N552D,DEP,16:45,ATL,MBJ,C11,C
F0553,Delta Air Lines,DL7487,wide,N498A,ARR,16:45,YYZ,ATL,T8,T
F0229,Delta Air Lines,DL832,narrow,N619E,ARR,16:46,MCO,ATL,E4,E
F0395,Southwest Airlines,WN7359,heavy,N499E,ARR,16:46,MSY,ATL,E12,E
F0473,Delta Air Lines,DL8463,narrow,N961J,ARR,16:49,SFO,ATL,C24,C
F0442,JetBlue Airways,B6216,narrow,N286A,DEP,16:50,ATL,JFK,C4,C
F0486,Delta Air Lines,DL6485,narrow,N619E,DEP,16:51,ATL,SFO,E8,E
F0164,United Airlines,UA3150,narrow,N652J,DEP,16:52,ATL,ANC,T6,T
F0546,Frontier Airlines,F9345,narrow,N112G,DEP,16:52,ATL,MBJ,F7,F
F0536,Delta Air Lines,DL2672,narrow,N101J,DEP,16:53,ATL,RSW,T11,T
F0795,Delta Air Lines,DL7012,narrow,N324C,ARR,16:53,MBJ,ATL,T3,T
F0622,Delta Air Lines,DL295,narrow,N576E,DEP,16:54,ATL,GRU,B17,B
F0654,Delta Air Lines,DL1904,narrow,N999C,DEP,16:54,ATL,MBJ,B4,B
F0008,Delta Air Lines,DL3827,narrow,N718E,DEP,16:55,ATL,YYZ,B10,B
F0680,Delta Air Lines,DL5040,narrow,N620B,DEP,16:55,ATL,PDX,A1,A
F0465,Delta Air Lines,DL5431,narrow,N505C,ARR,16:56,PHX,ATL,B28,B
F0069,Delta Air Lines,DL8000,narrow,N330D,ARR,16:57,HNL,ATL,A4,A
F0461,Delta Air Lines,DL208,narrow,N606G,ARR,16:57,AUS,ATL,D18,D
F0764,Delta Air Lines,DL2491,narrow,N726J,DEP,16:57,ATL,DAL,T5,T
F0450,Delta Air Lines,DL4785,wide,N869D,DEP,16:58,ATL,SJC,A26,A
F0386,Southwest Airlines,WN9939,narrow,N553J,DEP,16:59,ATL,IAH,C11,C
F0518,Delta Air Lines,DL3917,narrow,N418B,DEP,17:00,ATL,ANC,A10,A
F0140,Delta Air Lines,DL5881,narrow,N597H,DEP,17:01,ATL,SAT,T5,T
F0677,Delta Air Lines,DL7569,narrow,N435D,ARR,17:01,YYZ,ATL,F10,F
F0471,Delta Air Lines,DL7470,narrow,N109H,ARR,17:02,BNA,ATL,D9,D
F0721,Southwest Airlines,WN1678,heavy,N546J,ARR,17:02,OAK,ATL,D22,D
F0402,Delta Air Lines,DL1979,narrow,N204B,DEP,17:03,ATL,LHR,D15,D
F0419,Delta Air Lines,DL7245,narrow,N403D,ARR,17:03,GRU,ATL,B12,B
F0564,Delta Air Lines,DL9118,narrow,N683D,DEP,17:03,ATL,BOS,T8,T
F0662,JetBlue Airways,B6303,narrow,N311G,DEP,17:05,ATL,MIA,D14,D
F0185,American Airlines,AA6921,narrow,N329B,ARR,17:09,PHX,ATL,B10,B
F0726,Delta Air Lines,DL8205,wide,N971C,DEP,17:10,ATL,GRU,C13,C
F0190,Delta Air Lines,DL7946,wide,N774B,DEP,17:11,ATL,MSP,E20,E
F0582,Delta Air Lines,DL4795,heavy,N868E,DEP,17:11,ATL,MCI,B11,B
F0494,Delta Air Lines,DL2698,heavy,N218E,DEP,17:12,ATL,HNL,D2,D
F0159,Delta Air Lines,DL2687,narrow,N851J,ARR,17:17,AUS,ATL,B29,B
F0542,Delta Air Lines,DL583,narrow,N887F,DEP,17:17,ATL,SAN,D14,D
F0182,Delta Air Lines,DL4839,wide,N319J,DEP,17:18,ATL,TPA,A24,A
F0681,Delta Air Lines,DL170,narrow,N763F,ARR,17:18,MCO,ATL,F9,F
F0035,Southwest Airlines,WN6612,wide,N710G,ARR,17:20,SNA,ATL,D11,D
F0341,Delta Air Lines,DL9676,wide,N146D,ARR,17:21,BNA,ATL,A17,A
F0576,Delta Air Lines,DL6880,narrow,N353D,DEP,17:21,ATL,BNA,A29,A
F0313,Spirit Airlines,NK1328,narrow,N588A,ARR,17:22,SAT,ATL,C3,C
F0443,Delta Air Lines,DL6798,narrow,N548J,ARR,17:22,LHR,ATL,B5,B
F0785,Delta Air Lines,DL2640,wide,N509J,ARR,17:22,LHR,ATL,F9,F
F0211,Delta Air Lines,DL5288,narrow,N782B,ARR,17:23,SAN,ATL,B3,B
F0447,Delta Air Lines,DL952,narrow,N146D,ARR,17:24,SFO,ATL,A21,A
F0653,Delta Air Lines,DL2001,wide,N791D,ARR,17:24,MCI,ATL,T4,T
F0393,Delta Air Lines,DL3775,narrow,N259E,ARR,17:25,PHL,ATL,D18,D
F0753,Southwest Airlines,WN5296,narrow,N734B,ARR,17:25,BWI,ATL,E14,E
F0003,Delta Air Lines,DL9206,narrow,N459J,ARR,17:26,PHL,ATL,T4,T
F0175,Delta Air Lines,DL5744,narrow,N851J,ARR,17:26,DEN,ATL,D18,D
F0366,Delta Air Lines,DL7706,narrow,N466D,DEP,17:26,ATL,MDW,T3,T
F0397,Delta Air Lines,DL7120,narrow,N545C,ARR,17:26,CLT,ATL,B9,B
F0500,Delta Air Lines,DL2307,narrow,N904F,DEP,17:26,ATL,YYZ,A2,A
F0692,Delta Air Lines,DL140,wide,N696J,DEP,17:27,ATL,CDG,A10,A
F0469,Delta Air Lines,DL2303,narrow,N586B,ARR,17:28,SNA,ATL,F11,F
F0758,Delta Air Lines,DL7937,narrow,N195D,DEP,17:28,ATL,PHX,E5,E
F0116,Delta Air Lines,DL9037,narrow,N901G,DEP,17:29,ATL,TPA,B4,B
F0234,Southwest Airlines,WN6531,narrow,N869D,DEP,17:29,ATL,STL,C12,C
F0261,Delta Air Lines,DL4159,narrow,N973G,ARR,17:29,HNL,ATL,B3,B
F0534,Delta Air Lines,DL3887,wide,N920H,DEP,17:29,ATL,SEA,F9,F
F0339,Delta Air Lines,DL2937,narrow,N553J,ARR,17:30,LGA,ATL,C1,C
F0786,Delta Air Lines,DL2534,narrow,N566G,DEP,17:32,ATL,PHL,F11,F
F0034,United Airlines,UA2461,narrow,N309F,DEP,17:34,ATL,DEN,B21,B
F0296,Delta Air Lines,DL7959,narrow,N385H,DEP,17:34,ATL,ANC,C16,C
F0669,Delta Air Lines,DL3793,narrow,N906B,ARR,17:34,SJC,ATL,B29,B
F0425,Delta Air Lines,DL2708,wide,N208G,ARR,17:35,LAS,ATL,A19,A
F0037,Delta Air Lines,DL7210,wide,N665E,ARR,17:36,SEA,ATL,F11,F
F0429,Southwest Airlines,WN1375,narrow,N727J,ARR,17:38,OAK,ATL,C13,C
F0168,American Airlines,AA8333,heavy,N820E,DEP,17:39,ATL,SAN,F12,F
F0470,Delta Air Lines,DL6627,narrow,N653B,DEP,17:39,ATL,MSP,A6,A
F0566,Delta Air Lines,DL4805,narrow,N981B,DEP,17:40,ATL,LGA,B28,B
F0288,Delta Air Lines,DL4166,narrow,N652J,DEP,17:41,ATL,DFW,F7,F
F0512,American Airlines,AA7097,narrow,N871G,DEP,17:41,ATL,HNL,E6,E
F0727,Delta Air Lines,DL9774,narrow,N318J,ARR,17:42,MBJ,ATL,T6,T
F0275,Delta Air Lines,DL679,wide,N620B,ARR,17:44,LHR,ATL,C23,C
F0336,Southwest Airlines,WN7408,narrow,N619B,DEP,17:45,ATL,MSY,A28,A
F0586,Southwest Airlines,WN9811,wide,N734B,DEP,17:46,ATL,MCI,D23,D
F0666,Delta Air Lines,DL1426,wide,N649B,DEP,17:46,ATL,DFW,C11,C
F0771,Southwest Airlines,WN4421,narrow,N871G,ARR,17:46,TPA,ATL,C14,C
F0090,Delta Air Lines,DL4734,narrow,N891E,DEP,17:47,ATL,GRU,B25,B
F0504,Delta Air Lines,DL6448,narrow,N170B,DEP,17:47,ATL,BCN,A22,A
F0634,Delta Air Lines,DL6663,narrow,N818B,DEP,17:48,ATL,BNA,T11,T
F0072,Southwest Airlines,WN602,narrow,N564A,DEP,17:49,ATL,IAH,A17,A
F0345,Delta Air Lines,DL3743,narrow,N195D,ARR,17:49,NRT,ATL,D21,D
F0455,Delta Air Lines,DL4322,narrow,N112G,ARR,17:49,MEX,ATL,E19,E
F0119,Delta Air Lines,DL7279,narrow,N727J,ARR,17:50,BCN,ATL,T2,T
F0094,Delta Air Lines,DL398,narrow,N878J,DEP,17:51,ATL,MCO,B6,B
F0110,Delta Air Lines,DL4050,narrow,N911G,DEP,17:52,ATL,BCN,D21,D
F0609,Southwest Airlines,WN1379,wide,N491A,ARR,17:52,SAN,ATL,D18,D
F0416,American Airlines,AA1203,wide,N318J,DEP,17:53,ATL,MSY,A7,A
F0169,Southwest Airlines,WN3718,narrow,N385B,ARR,17:54,LAS,ATL,A5,A
F0228,Delta Air Lines,DL8012,narrow,N181D,DEP,17:54,ATL,CUN,B4,B
F0464,Delta Air Lines,DL8590,narrow,N868B,DEP,17:54,ATL,JFK,C23,C
F0513,Delta Air Lines,DL8847,narrow,N336G,ARR,17:54,TPA,ATL,F8,F
F0325,Southwest Airlines,WN4325,narrow,N434G,ARR,17:55,SFO,ATL,B24,B
F0693,Delta Air Lines,DL8159,narrow,N970B,ARR,17:56,BOS,ATL,E8,E
F0245,Delta Air Lines,DL1072,narrow,N835G,ARR,17:57,SAT,ATL,C18,C
F0657,Delta Air Lines,DL4697,narrow,N564A,ARR,17:57,STL,ATL,A28,A
F0309,American Airlines,AA5600,narrow,N754B,ARR,17:58,PHL,ATL,B9,B
F0454,Delta Air Lines,DL2967,wide,N651E,DEP,17:58,ATL,DEN,B4,B
F0738,Frontier Airlines,F97206,wide,N458E,DEP,17:58,ATL,DFW,F12,F
F0699,Delta Air Lines,DL311,narrow,N165F,ARR,18:01,BCN,ATL,A10,A
F0274,Delta Air Lines,DL8436,narrow,N868E,DEP,18:02,ATL,ORD,T1,T
F0428,Spirit Airlines,NK4414,narrow,N923J,DEP,18:02,ATL,IAH,C19,C
F0584,United Airlines,UA4741,narrow,N315G,DEP,18:03,ATL,SAN,C6,C
F0001,Delta Air Lines,DL4669,heavy,N791D,ARR,18:04,STL,ATL,E8,E
F0457,Southwest Airlines,WN3710,narrow,N354D,ARR,18:06,RDU,ATL,D8,D
F0597,JetBlue Airways,B6103,narrow,N873D,ARR,18:06,MCI,ATL,D22,D
F0007,American Airlines,AA3133,narrow,N884C,ARR,18:07,BWI,ATL,A24,A
F0238,Delta Air Lines,DL2336,wide,N185G,DEP,18:08,ATL,SJC,A13,A
F0048,Delta Air Lines,DL1333,wide,N195D,DEP,18:09,ATL,CUN,A8,A
F0749,Delta Air Lines,DL7880,narrow,N536J,ARR,18:09,BNA,ATL,D9,D
F0109,Delta Air Lines,DL8416,narrow,N181D,ARR,18:10,ORD,ATL,C13,C
F0552,Delta Air Lines,DL8302,wide,N658A,DEP,18:11,ATL,MEX,A25,A
F0052,Delta Air Lines,DL8171,narrow,N498F,DEP,18:12,ATL,MIA,A8,A
F0207,Delta Air Lines,DL2392,wide,N266F,ARR,18:12,SFO,ATL,D23,D
F0673,Southwest Airlines,WN471,narrow,N488A,ARR,18:14,MIA,ATL,B22,B
F0067,Delta Air Lines,DL1082,wide,N538F,ARR,18:16,MCO,ATL,C18,C
F0021,Delta Air Lines,DL9690,narrow,N612C,ARR,18:17,SFO,ATL,B27,B
F0448,Delta Air Lines,DL3733,narrow,N869D,DEP,18:17,ATL,CUN,B20,B
F0782,Spirit Airlines,NK5180,narrow,N779B,DEP,18:19,ATL,RSW,E20,E
F0130,Delta Air Lines,DL2753,narrow,N270G,DEP,18:20,ATL,RSW,B23,B
F0310,Delta Air Lines,DL6423,narrow,N109H,DEP,18:20,ATL,RDU,B14,B
F0445,Delta Air Lines,DL6165,narrow,N973G,ARR,18:20,SAN,ATL,C16,C
F0601,American Airlines,AA9769,wide,N459J,ARR,18:20,IAH,ATL,B11,B
F0089,Delta Air Lines,DL8366,narrow,N391C,ARR,18:23,YYZ,ATL,D2,D
F0774,Delta Air Lines,DL2125,narrow,N355B,DEP,18:23,ATL,PHX,B7,B
F0439,Delta Air Lines,DL2235,narrow,N467F,ARR,18:25,BCN,ATL,E18,E
F0080,Delta Air Lines,DL6028,narrow,N667C,DEP,18:26,ATL,PHL,A28,A
F0260,Delta Air Lines,DL1746,wide,N614J,DEP,18:28,ATL,CUN,A4,A
F0792,Delta Air Lines,DL9961,wide,N777H,DEP,18:28,ATL,DAL,D10,D
F0318,Southwest Airlines,WN4441,narrow,N726J,DEP,18:29,ATL,PHX,A18,A
F0593,Delta Air Lines,DL1182,wide,N565F,ARR,18:29,MSY,ATL,B27,B
F0197,Southwest Airlines,WN3891,narrow,N960E,ARR,18:30,MSP,ATL,T3,T
F0127,Delta Air Lines,DL6623,narrow,N261A,ARR,18:31,OAK,ATL,F12,F
F0209,Delta Air Lines,DL5929,narrow,N199G,ARR,18:31,PHX,ATL,C13,C
F0224,Delta Air Lines,DL2825,wide,N170J,DEP,18:31,ATL,LHR,D2,D
F0778,Southwest Airlines,WN4512,narrow,N791D,DEP,18:31,ATL,ORD,C1,C
F0329,Delta Air Lines,DL6702,wide,N319J,ARR,18:32,MEX,ATL,A20,A
F0406,Alaska Airlines,AS3592,narrow,N311G,DEP,18:34,ATL,MSP,E14,E
F0745,United Airlines,UA2402,wide,N893H,ARR,18:34,SJC,ATL,A19,A
F0173,Delta Air Lines,DL8461,narrow,N784G,ARR,18:35,MIA,ATL,B2,B
F0642,Delta Air Lines,DL9848,narrow,N791D,DEP,18:35,ATL,EWR,E8,E
F0063,Southwest Airlines,WN9690,narrow,N581A,ARR,18:36,SAT,ATL,C11,C
F0463,Delta Air Lines,DL8713,narrow,N327D,ARR,18:37,ORD,ATL,E16,E
F0481,Delta Air Lines,DL7388,narrow,N250A,ARR,18:38,PHX,ATL,A23,A
F0390,United Airlines,UA6939,narrow,N317H,DEP,18:39,ATL,CLE,D18,D
F0678,American Airlines,AA2614,narrow,N919B,DEP,18:40,ATL,TPA,A4,A
F0716,Spirit Airlines,NK2864,narrow,N470D,DEP,18:40,ATL,EWR,T4,T
F0485,Delta Air Lines,DL4899,narrow,N462G,ARR,18:41,HNL,ATL,C26,C
F0620,Southwest Airlines,WN4566,narrow,N458E,DEP,18:42,ATL,LGA,B9,B
F0775,Delta Air Lines,DL9695,narrow,N825G,ARR,18:42,BCN,ATL,A1,A
F0020,American Airlines,AA4515,heavy,N767J,DEP,18:44,ATL,PHX,C25,C
F0111,Delta Air Lines,DL5872,narrow,N146D,ARR,18:46,BCN,ATL,C21,C
F0222,Delta Air Lines,DL7457,wide,N576H,DEP,18:46,ATL,DCA,F8,F
F0637,Delta Air Lines,DL9814,narrow,N373C,ARR,18:47,SNA,ATL,A13,A
F0783,Delta Air Lines,DL8121,narrow,N820E,ARR,18:49,BWI,ATL,B13,B
F0787,Delta Air Lines,DL9127,narrow,N566G,ARR,18:49,SEA,ATL,T1,T
F0408,Delta Air Lines,DL3829,narrow,N614J,DEP,18:51,ATL,MCI,E14,E
F0074,American Airlines,AA1436,narrow,N355B,DEP,18:52,ATL,PDX,B22,B
F0316,Delta Air Lines,DL6011,narrow,N371J,DEP,18:52,ATL,NRT,T2,T
F0321,Delta Air Lines,DL1099,narrow,N813J,ARR,18:53,SNA,ATL,E17,E
F0208,Delta Air Lines,DL9858,narrow,N546J,DEP,18:55,ATL,LAX,B25,B
F0075,Delta Air Lines,DL8494,narrow,N121J,ARR,18:56,MDW,ATL,A14,A
F0551,Delta Air Lines,DL4784,narrow,N525A,ARR,18:56,DAL,ATL,C14,C
F0708,Delta Air Lines,DL4062,narrow,N165F,DEP,18:57,ATL,MSY,C3,C
F0041,Delta Air Lines,DL5761,wide,N388D,ARR,18:58,CLE,ATL,F5,F
F0646,Delta Air Lines,DL1560,narrow,N435D,DEP,18:58,ATL,RDU,D19,D
F0650,Southwest Airlines,WN3509,narrow,N360A,DEP,19:01,ATL,LAS,B7,B
F0240,Delta Air Lines,DL3783,heavy,N912C,DEP,19:02,ATL,STL,C6,C
F0649,Delta Air Lines,DL2025,wide,N340E,ARR,19:02,BNA,ATL,F2,F
F0225,Delta Air Lines,DL7152,narrow,N335D,ARR,19:03,DTW,ATL,A4,A
F0340,Delta Air Lines,DL6268,narrow,N179E,DEP,19:03,ATL,MSP,E15,E
F0594,Delta Air Lines,DL2935,wide,N862J,DEP,19:03,ATL,YYZ,D3,D
F0204,Delta Air Lines,DL9386,narrow,N250A,DEP,19:04,ATL,GRU,C2,C
F0286,Delta Air Lines,DL6760,heavy,N294J,DEP,19:04,ATL,MSP,A12,A
F0784,Southwest Airlines,WN3153,narrow,N960H,DEP,19:05,ATL,ORD,B14,B
F0547,Delta Air Lines,DL1183,wide,N576G,ARR,19:06,PDX,ATL,A15,A
F0332,Delta Air Lines,DL1562,narrow,N406B,DEP,19:10,ATL,MBJ,A7,A
F0558,Delta Air Lines,DL300,narrow,N319J,DEP,19:11,ATL,JFK,C16,C
F0278,Delta Air Lines,DL3387,narrow,N820E,DEP,19:13,ATL,MBJ,B26,B
F0617,Delta Air Lines,DL7702,narrow,N617H,ARR,19:13,MBJ,ATL,B10,B
F0387,Delta Air Lines,DL5717,narrow,N698H,ARR,19:14,MIA,ATL,F8,F
F0095,Delta Air Lines,DL2353,narrow,N545C,ARR,19:15,SJC,ATL,A10,A
F0150,Delta Air Lines,DL6865,narrow,N692A,DEP,19:16,ATL,BCN,D14,D
F0233,Delta Air Lines,DL5440,narrow,N308E,ARR,19:16,NRT,ATL,A4,A
F0614,Delta Air Lines,DL6158,wide,N814G,DEP,19:16,ATL,PHL,E9,E
F0415,Southwest Airlines,WN4240,wide,N160C,ARR,19:19,ANC,ATL,A6,A
F0502,Delta Air Lines,DL1228,narrow,N754B,DEP,19:19,ATL,LGA,C15,C
F0184,Delta Air Lines,DL7099,narrow,N620B,DEP,19:20,ATL,LHR,C2,C
F0148,Alaska Airlines,AS9577,narrow,N653B,DEP,19:21,ATL,MSY,C24,C
F0368,Delta Air Lines,DL1622,narrow,N355B,DEP,19:21,ATL,BOS,B11,B
F0093,United Airlines,UA1488,wide,N171F,ARR,19:22,MCO,ATL,B13,B
F0023,Delta Air Lines,DL1542,narrow,N904F,ARR,19:23,BCN,ATL,B11,B
F0426,Delta Air Lines,DL3896,narrow,N457B,DEP,19:23,ATL,ORD,T6,T
F0544,Southwest Airlines,WN3904,narrow,N911G,DEP,19:23,ATL,SFO,A1,A
F0548,Delta Air Lines,DL6332,wide,N667C,DEP,19:23,ATL,MBJ,D13,D
F0700,Delta Air Lines,DL8347,wide,N730E,DEP,19:24,ATL,DAL,A7,A
F0050,Delta Air Lines,DL6186,narrow,N513B,DEP,19:27,ATL,LAX,A8,A
F0514,Delta Air Lines,DL5399,narrow,N970B,DEP,19:28,ATL,MSP,C19,C
F0005,Delta Air Lines,DL9628,narrow,N385H,ARR,19:29,RSW,ATL,B18,B
F0735,Delta Air Lines,DL5790,narrow,N520H,ARR,19:29,SAN,ATL,E10,E
F0773,Delta Air Lines,DL7753,narrow,N344C,ARR,19:29,ORD,ATL,B29,B
F0162,Southwest Airlines,WN1858,narrow,N667C,DEP,19:30,ATL,STL,F6,F
F0401,Southwest Airlines,WN5537,narrow,N498A,ARR,19:30,GRU,ATL,B10,B
F0346,Delta Air Lines,DL4913,wide,N470H,DEP,19:32,ATL,LGA,A5,A
F0444,Southwest Airlines,WN4614,heavy,N282E,DEP,19:32,ATL,MSP,F7,F
F0506,Delta Air Lines,DL3239,wide,N179E,DEP,19:32,ATL,IAH,A19,A
F0272,Delta Air Lines,DL4408,wide,N457B,DEP,19:34,ATL,DEN,D19,D
F0573,JetBlue Airways,B61017,wide,N185G,ARR,19:34,CUN,ATL,E10,E
F0098,Delta Air Lines,DL8849,narrow,N919C,DEP,19:35,ATL,EWR,A26,A
F0178,Delta Air Lines,DL472,wide,N209J,DEP,19:36,ATL,CUN,F8,F
F0424,Delta Air Lines,DL6061,narrow,N710H,DEP,19:36,ATL,DAL,C22,C
F0670,Delta Air Lines,DL8315,narrow,N488A,DEP,19:36,ATL,YYZ,C4,C
F0025,Frontier Airlines,F9945,narrow,N556C,ARR,19:37,MDW,ATL,A18,A
F0411,Frontier Airlines,F97270,wide,N552D,ARR,19:37,LAX,ATL,B27,B
F0232,United Airlines,UA3619,wide,N346B,DEP,19:38,ATL,DEN,A25,A
F0480,Delta Air Lines,DL568,narrow,N355B,DEP,19:38,ATL,AUS,T6,T
F0668,Delta Air Lines,DL2367,narrow,N581A,DEP,19:38,ATL,BOS,F4,F
F0658,Southwest Airlines,WN2884,narrow,N453F,DEP,19:39,ATL,SFO,C18,C
F0236,Delta Air Lines,DL9871,narrow,N565F,DEP,19:40,ATL,PHX,A13,A
F0667,Delta Air Lines,DL6374,narrow,N893H,ARR,19:40,BNA,ATL,B20,B
F0797,United Airlines,UA7174,wide,N441C,ARR,19:47,MSY,ATL,F8,F
F0131,Delta Air Lines,DL4205,narrow,N968B,ARR,19:50,MIA,ATL,A18,A
F0295,Delta Air Lines,DL3367,narrow,N353D,ARR,19:50,PHL,ATL,D26,D
F0562,Delta Air Lines,DL4759,wide,N100F,DEP,19:51,ATL,SAT,C23,C
F0663,Delta Air Lines,DL360,narrow,N491A,ARR,19:51,YYZ,ATL,C10,C
F0142,Delta Air Lines,DL3289,narrow,N956A,DEP,19:52,ATL,IAH,B10,B
F0172,Delta Air Lines,DL2795,narrow,N453F,DEP,19:52,ATL,BOS,B17,B
F0376,Delta Air Lines,DL6303,narrow,N921D,DEP,19:52,ATL,STL,B8,B
F0413,Delta Air Lines,DL2416,wide,N455J,ARR,19:52,SAT,ATL,A1,A
F0440,American Airlines,AA8780,narrow,N924F,DEP,19:52,ATL,BCN,B26,B
F0206,Delta Air Lines,DL5003,wide,N692A,DEP,19:57,ATL,IAH,A8,A
F0462,Delta Air Lines,DL8141,narrow,N873A,DEP,19:57,ATL,BWI,A25,A
F0725,American Airlines,AA8137,narrow,N357A,ARR,19:57,ANC,ATL,D22,D
F0433,Delta Air Lines,DL2195,narrow,N214F,ARR,19:58,CDG,ATL,C6,C
F0525,Alaska Airlines,AS2236,wide,N692A,ARR,19:58,EWR,ATL,D16,D
F0611,Southwest Airlines,WN5081,narrow,N488A,ARR,19:58,DFW,ATL,D19,D
F0146,Spirit Airlines,NK5002,narrow,N813J,DEP,20:01,ATL,SNA,C17,C
F0344,Delta Air Lines,DL6957,narrow,N935B,DEP,20:02,ATL,MSY,B24,B
F0644,JetBlue Airways,B66901,wide,N204B,DEP,20:03,ATL,CLT,A12,A
F0606,Delta Air Lines,DL6831,narrow,N282E,DEP,20:10,ATL,ORD,F10,F
F0022,Delta Air Lines,DL6844,wide,N259D,DEP,20:11,ATL,DCA,D10,D
F0071,Frontier Airlines,F95162,narrow,N177D,ARR,20:14,PHX,ATL,E12,E
F0378,Delta Air Lines,DL1589,wide,N873D,DEP,20:14,ATL,SAN,D20,D
F0327,Delta Air Lines,DL2528,heavy,N953A,ARR,20:18,SEA,ATL,C19,C
F0364,Delta Air Lines,DL5516,wide,N597A,DEP,20:21,ATL,SFO,A1,A
F0322,Delta Air Lines,DL6568,narrow,N960H,DEP,20:23,ATL,ANC,E2,E
F0019,Spirit Airlines,NK5380,narrow,N824C,ARR,20:34,DTW,ATL,C1,C
F0436,Delta Air Lines,DL8469,wide,N670D,DEP,20:59,ATL,MCO,A24,A
F0320,American Airlines,AA1684,narrow,N334B,DEP,21:02,ATL,RDU,A12,A
F0717,Delta Air Lines,DL7058,heavy,N655H,ARR,21:09,YYZ,ATL,D9,D
F0496,Delta Air Lines,DL4623,narrow,N366G,DEP,21:11,ATL,JFK,C13,C
F0205,Southwest Airlines,WN639,narrow,N145A,ARR,21:24,LAX,ATL,A28,A
F0697,Southwest Airlines,WN1358,wide,N614J,ARR,21:26,PHX,ATL,C25,C
F0475,Delta Air Lines,DL5729,wide,N283F,ARR,21:29,MDW,ATL,A11,A
F0702,Delta Air Lines,DL5805,narrow,N813E,DEP,21:30,ATL,MCI,B12,B
F0706,Delta Air Lines,DL1185,heavy,N873D,DEP,21:31,ATL,SEA,B1,B
F0091,Delta Air Lines,DL1648,narrow,N897G,ARR,21:46,LGA,ATL,C13,C
F0057,Frontier Airlines,F99180,narrow,N796B,ARR,21:59,MCO,ATL,A7,A
F0398,Delta Air Lines,DL2618,narrow,N651J,DEP,22:00,ATL,BCN,F10,F
F0543,Alaska Airlines,AS3179,narrow,N172J,ARR,22:00,GRU,ATL,A6,A
F0503,Alaska Airlines,AS8389,narrow,N973G,ARR,22:12,DAL,ATL,B6,B
F0324,Delta Air Lines,DL7036,narrow,N798J,DEP,22:17,ATL,EWR,A22,A
F0024,Delta Air Lines,DL6870,narrow,N522A,DEP,22:19,ATL,DAL,T9,T
F0619,American Airlines,AA5272,narrow,N861H,ARR,22:21,SEA,ATL,F11,F
F0096,Southwest Airlines,WN2247,narrow,N991E,DEP,22:23,ATL,PHX,C5,C
F0736,Southwest Airlines,WN8543,wide,N867J,DEP,22:44,ATL,PHX,B25,B
F0554,United Airlines,UA2786,narrow,N350F,DEP,22:47,ATL,BOS,D4,D
F0449,Southwest Airlines,WN8636,narrow,N871G,ARR,22:48,BCN,ATL,B20,B
F0152,Delta Air Lines,DL8834,wide,N435D,DEP,22:59,ATL,BCN,B12,B
F0218,Delta Air Lines,DL7948,narrow,N546J,DEP,23:01,ATL,MDW,B13,B
